num_steps,num_updates,epsilon,loss,success_rate,violation_rate,mean_return,mean_steps,curriculum_stage,sps
10000,1,0.9905,0.02404991164803505,0.542,0.434,0.108,17.322,0,775.9926389278594
20000,2501,0.981,0.012549072504043579,0.488,0.496,-0.008,17.188,0,157.55983810731743
30000,5001,0.9715,0.021187057718634605,0.48,0.51,-0.03,17.162,0,108.32851560205621
40000,7501,0.962,0.015179362148046494,0.524,0.464,0.06,15.816,0,92.83484241499454
50000,10001,0.9525,0.02280512824654579,0.498,0.464,0.034,17.906,0,86.19549036286159
60000,12501,0.9430000000000001,0.024393167346715927,0.514,0.47,0.044,16.986,0,81.83056489300843
70000,15001,0.9335,0.023725910112261772,0.522,0.466,0.056,16.498,0,81.7176600965908
80000,17501,0.924,0.02360384538769722,0.524,0.454,0.07,16.324,0,82.56551485317658
90000,20001,0.9145,0.015150041319429874,0.51,0.472,0.038,18.2,0,83.29603421649989
100000,22501,0.905,0.00757363298907876,0.594,0.388,0.206,16.64,0,84.13700174665425
110000,25001,0.8955,0.03529210016131401,0.528,0.438,0.09,18.044,0,84.1097683691238
120000,27501,0.886,0.017022550106048584,0.492,0.484,0.008,17.95,0,84.24305199996245
130000,30001,0.8765000000000001,0.01967620477080345,0.506,0.462,0.044,18.784,0,84.63792622492079
140000,32501,0.867,0.015716174617409706,0.526,0.464,0.062,17.668,0,84.89342404783977
150000,35001,0.8575,0.016842929646372795,0.546,0.438,0.108,18.014,0,85.26668100209524
160000,37501,0.848,0.02614331804215908,0.506,0.466,0.04,19.224,0,85.40679212105445
170000,40001,0.8385,0.007204009220004082,0.538,0.436,0.102,18.416,0,85.64195504990576
180000,42501,0.829,0.017183497548103333,0.578,0.406,0.172,17.38,0,85.74833609575396
190000,45001,0.8195,0.014592070132493973,0.52,0.444,0.076,20.536,0,85.9541014994887
200000,47501,0.81,0.0045639146119356155,0.516,0.462,0.054,18.95,0,86.08218098615512
210000,50001,0.8005,0.004416933748871088,0.574,0.41,0.164,18.066,0,86.26456456969136
220000,52501,0.791,0.004836391657590866,0.534,0.442,0.092,19.896,0,86.47284674754158
230000,55001,0.7815,0.0025073932483792305,0.58,0.392,0.188,19.032,0,86.66300192997593
240000,57501,0.772,0.003608749946579337,0.548,0.434,0.114,17.658,0,86.75509155433191
250000,60001,0.7625,0.002532484009861946,0.57,0.406,0.164,18.412,0,86.80737946985052
260000,62501,0.753,0.0007597497897222638,0.598,0.374,0.224,19.352,0,86.87849275796269
270000,65001,0.7435,0.0020924138370901346,0.61,0.366,0.244,18.57,0,86.93020043891887
280000,67501,0.734,0.0010342563036829233,0.53,0.456,0.074,17.814,0,86.92160473307437
290000,70001,0.7245,0.002931770868599415,0.628,0.36,0.268,19.024,0,87.03758590978092
300000,72501,0.7150000000000001,0.0013237684033811092,0.572,0.402,0.17,16.818,0,87.13004107361435
310000,75001,0.7055,0.0019648452289402485,0.61,0.372,0.238,16.48,0,87.06179128331964
320000,77501,0.696,0.0014659557491540909,0.632,0.348,0.284,16.506,0,87.14585465287513
330000,80001,0.6865,0.0008971279603429139,0.582,0.394,0.188,16.206,0,87.22318149410735
340000,82501,0.677,0.0019468568498268723,0.604,0.37,0.234,18.796,0,87.26723508632904
350000,85001,0.6675,0.002784605836495757,0.612,0.36,0.252,17.956,0,87.28806426492639
360000,87501,0.658,0.0014835932524874806,0.644,0.332,0.312,17.402,0,87.28990523494686
370000,90001,0.6485000000000001,0.0031456046272069216,0.634,0.348,0.286,16.952,0,87.39254145137824
380000,92501,0.639,0.005056771915405989,0.624,0.358,0.266,16.556,0,87.40606670565943
390000,95001,0.6295,0.0026929713785648346,0.596,0.386,0.21,17.4,0,87.45545525139143
400000,97501,0.62,0.0020066676661372185,0.636,0.332,0.304,17.886,0,87.58902965473506
410000,100001,0.6105,0.003257672069594264,0.636,0.348,0.288,16.342,0,87.63105233269891
420000,102501,0.601,0.0025037257000803947,0.616,0.35,0.266,18.418,0,87.62088277683186
430000,105001,0.5915,0.004713828209787607,0.666,0.31,0.356,17.024,0,87.68125035947543
440000,107501,0.5820000000000001,0.002447899430990219,0.65,0.324,0.326,17.228,0,87.75413208680952
450000,110001,0.5725,0.004309556912630796,0.646,0.332,0.314,16.498,0,87.76011944509517
460000,112501,0.563,0.0029340609908103943,0.69,0.292,0.398,15.9,0,87.79489413649328
470000,115001,0.5535000000000001,0.004947873298078775,0.652,0.33,0.322,16.188,0,87.86232425521733
480000,117501,0.544,0.005372791551053524,0.714,0.264,0.45,16.334,0,87.92047612501703
490000,120001,0.5345,0.0026480203960090876,0.678,0.306,0.372,16.072,0,87.89636316076712
500000,122501,0.525,0.003815760836005211,0.726,0.252,0.474,15.25,0,87.95686056115015
510000,125001,0.5155000000000001,0.004810153506696224,0.714,0.274,0.44,14.544,0,87.98330375467731
520000,127501,0.506,0.005998112261295319,0.742,0.25,0.492,13.694,0,87.99383087790068
530000,130001,0.49650000000000005,0.003818667959421873,0.782,0.2,0.582,14.784,0,88.0218324038873
540000,132501,0.487,0.0015976736322045326,0.738,0.248,0.49,14.278,0,88.01933629347495
550000,135001,0.47750000000000004,0.002851409837603569,0.744,0.248,0.496,13.352,0,88.01893453673881
560000,137501,0.46799999999999997,0.004234719090163708,0.718,0.262,0.456,15.236,0,88.01494950362853
570000,140001,0.4585,0.002733883447945118,0.764,0.22,0.544,13.31,0,88.00104595902839
580000,142501,0.44900000000000007,0.0030160723254084587,0.776,0.212,0.564,12.704,0,88.05785267473661
590000,145001,0.4395,0.0028700395487248898,0.836,0.158,0.678,12.896,0,88.03765768677653
600000,147501,0.43000000000000005,0.0024230838753283024,0.792,0.188,0.604,13.62,0,88.06243624848801
610000,150001,0.4205,0.003293686779215932,0.784,0.198,0.586,12.008,0,88.10752705114596
620000,152501,0.41100000000000003,0.0022029292304068804,0.816,0.166,0.65,12.74,0,88.14511904158613
630000,155001,0.4015000000000001,0.003097160253673792,0.828,0.164,0.664,12.364,0,88.18924697297928
640000,157501,0.392,0.005807485431432724,0.808,0.176,0.632,12.184,0,88.21292399645581
650000,160001,0.38250000000000006,0.0029379003681242466,0.82,0.166,0.654,11.272,0,88.24129268916619
660000,162501,0.373,0.003997066058218479,0.846,0.142,0.704,11.228,0,88.2846724293768
670000,165001,0.36350000000000005,0.003381015732884407,0.872,0.12,0.752,10.81,0,88.31234283621806
680000,167501,0.354,0.004891287535429001,0.84,0.144,0.696,11.586,0,88.29725915998964
690000,170001,0.34450000000000003,0.002879740670323372,0.864,0.132,0.732,10.11,0,88.28037060541116
700000,172501,0.3350000000000001,0.0023132949136197567,0.874,0.118,0.756,10.302,0,88.27282608486138
710000,175001,0.3255,0.003467797301709652,0.866,0.132,0.734,10.644,0,88.22752016291736
720000,177501,0.31600000000000006,0.005225805100053549,0.852,0.136,0.716,11.444,0,88.15120458741055
730000,180001,0.3065,0.003369466168805957,0.898,0.096,0.802,10.136,0,88.07393144547233
740000,182501,0.29700000000000004,0.003286178922280669,0.868,0.124,0.744,9.724,0,87.99051009239699
750000,185001,0.2875000000000001,0.0033693606965243816,0.906,0.086,0.82,9.714,0,87.93642254995719
760000,187501,0.278,0.004231719765812159,0.868,0.112,0.756,10.202,0,87.88870881419665
770000,190001,0.26850000000000007,0.0020446940325200558,0.916,0.07,0.846,10.166,0,87.81766150514655
780000,192501,0.259,0.0018126533832401037,0.902,0.08,0.822,10.208,0,87.76145054496844
790000,195001,0.24950000000000006,0.001974854152649641,0.918,0.074,0.844,10.008,0,87.71135942743919
800000,197501,0.24,0.003188151866197586,0.924,0.064,0.86,9.692,0,87.63833433264412
810000,200001,0.23050000000000004,0.004217892419546843,0.918,0.07,0.848,9.488,0,87.5656406807931
820000,202501,0.22100000000000009,0.0025428899098187685,0.924,0.064,0.86,9.714,0,87.52113090911345
830000,205001,0.21150000000000002,0.0021212403662502766,0.9,0.092,0.808,9.23,0,87.48945986584569
840000,207501,0.20200000000000007,0.0025078090839087963,0.93,0.058,0.872,8.986,0,87.44426318289717
850000,210001,0.1925,0.0021050572395324707,0.908,0.076,0.832,9.622,0,87.38894332530143
860000,212501,0.18300000000000005,0.0028133271262049675,0.926,0.062,0.864,9.81,0,87.42773120063063
870000,215001,0.1735,0.0028599915094673634,0.936,0.052,0.884,8.5,0,87.45357013094932
880000,217501,0.16400000000000003,0.002410647226497531,0.938,0.048,0.89,8.37,0,87.47925208681994
890000,220001,0.15450000000000008,0.0029698102734982967,0.942,0.052,0.89,8.316,0,87.51487371107889
900000,222501,0.14500000000000002,0.002712544286623597,0.944,0.048,0.896,9.288,0,87.5514852267642
910000,225001,0.13550000000000006,0.004556186497211456,0.946,0.044,0.902,8.596,0,87.5671415498023
920000,227501,0.126,0.0026121826376765966,0.952,0.034,0.918,8.526,0,87.58380929806923
930000,230001,0.11650000000000005,0.0028950406704097986,0.946,0.046,0.9,7.876,0,87.60243720053049
940000,232501,0.1070000000000001,0.004109842237085104,0.966,0.018,0.948,8.264,0,87.61133570501171
950000,235001,0.09750000000000003,0.0034291851334273815,0.948,0.04,0.908,7.282,0,87.58550387837539
960000,237501,0.08800000000000008,0.0017835383769124746,0.948,0.032,0.916,7.918,0,87.61446441619748
970000,240001,0.07850000000000001,0.0015808421885594726,0.962,0.024,0.938,7.128,0,87.64552841499828
980000,242501,0.06900000000000006,0.001832922687754035,0.966,0.016,0.95,8.668,0,87.66228238340936
990000,245001,0.0595,0.001971751917153597,0.962,0.018,0.944,6.696,0,87.67357383785419
1000000,247501,0.050000000000000044,0.002023449633270502,0.968,0.016,0.952,7.538,0,87.71736407259314
1010000,250001,0.050000000000000044,0.002419013064354658,0.968,0.012,0.956,7.31,0,87.74474304425416
1020000,252501,0.050000000000000044,0.001953687984496355,0.958,0.018,0.94,7.702,0,87.7682398295369
1030000,255001,0.050000000000000044,0.0019360339501872659,0.976,0.006,0.97,7.284,0,87.77146356510212
1040000,257501,0.050000000000000044,0.0032997815869748592,0.972,0.012,0.96,6.772,0,87.75641294759501
1050000,260001,0.050000000000000044,0.001779046026058495,0.96,0.016,0.944,7.806,0,87.78159888211471
1060000,262501,0.050000000000000044,0.0022007147781550884,0.972,0.012,0.96,6.49,0,87.8220081055528
1070000,265001,0.050000000000000044,0.001813999842852354,0.962,0.01,0.952,6.764,0,87.83897223056758
1080000,267501,0.050000000000000044,0.004252905026078224,0.96,0.02,0.94,6.658,0,87.86993418031398
1090000,270001,0.050000000000000044,0.00333937956020236,0.98,0.006,0.974,6.114,0,87.87585546577999
1100000,272501,0.050000000000000044,0.002024989575147629,0.978,0.016,0.962,5.7,0,87.88465563881034
1110000,275001,0.050000000000000044,0.001964305527508259,0.972,0.012,0.96,6.944,0,87.8968567573249
1120000,277501,0.050000000000000044,0.001378956949338317,0.972,0.022,0.95,5.706,0,87.91649206734607
1130000,280001,0.050000000000000044,0.0026375926099717617,0.98,0.014,0.966,5.662,0,87.93777500024308
1140000,282501,0.050000000000000044,0.002353413961827755,0.982,0.01,0.972,5.88,0,87.96257612179832
1150000,285001,0.050000000000000044,0.0016764061292633414,0.974,0.01,0.964,6.502,0,87.97952284599239
1160000,287501,0.050000000000000044,0.0023499466478824615,0.97,0.022,0.948,6.41,0,88.01316404527873
1170000,290001,0.050000000000000044,0.0017185421893373132,0.98,0.012,0.968,5.714,0,88.01949367538009
1180000,292501,0.050000000000000044,0.0014137374237179756,0.97,0.02,0.95,6.26,0,88.04134938880303
1190000,295001,0.050000000000000044,0.0019081133650615811,0.98,0.01,0.97,5.796,0,88.06295533877481
1200000,297501,0.050000000000000044,0.003105409210547805,0.974,0.014,0.96,5.606,0,88.08822287537795
1210000,300001,0.050000000000000044,0.0014631880912929773,0.982,0.012,0.97,5.65,1,88.03927409966734
1220000,302501,0.050000000000000044,0.0016041493508964777,0.906,0.068,0.838,7.632,1,88.05783433593174
1230000,305001,0.050000000000000044,0.0016942579532042146,0.908,0.068,0.84,7.12,1,88.08572427910454
1240000,307501,0.050000000000000044,0.0025666276924312115,0.94,0.05,0.89,6.956,1,88.1036788113373
1250000,310001,0.050000000000000044,0.01286923885345459,0.922,0.062,0.86,6.576,1,88.11746032883171
1260000,312501,0.050000000000000044,0.002420363249257207,0.956,0.032,0.924,6.444,1,88.13605213188973
1270000,315001,0.050000000000000044,0.002730045933276415,0.93,0.058,0.872,5.648,1,88.14495090626798
1280000,317501,0.050000000000000044,0.0026690654922276735,0.952,0.036,0.916,5.804,1,88.16522946804037
1290000,320001,0.050000000000000044,0.010874416679143906,0.942,0.056,0.886,5.176,1,88.13533667264711
1300000,322501,0.050000000000000044,0.011888091452419758,0.944,0.04,0.904,6.156,1,88.10074661476143
1310000,325001,0.050000000000000044,0.011880287900567055,0.926,0.064,0.862,6.36,1,88.05916661166125
1320000,327501,0.050000000000000044,0.018356461077928543,0.936,0.05,0.886,6.478,1,88.04425092316374
1330000,330001,0.050000000000000044,0.0025921929627656937,0.942,0.05,0.892,5.992,1,88.00718937200334
1340000,332501,0.050000000000000044,0.0036701972130686045,0.942,0.046,0.896,6.01,1,87.99582788496348
1350000,335001,0.050000000000000044,0.011310434900224209,0.932,0.048,0.884,6.796,1,87.9952323201197
1360000,337501,0.050000000000000044,0.0022444427013397217,0.948,0.042,0.906,5.916,1,88.01100314652062
1370000,340001,0.050000000000000044,0.010312598198652267,0.956,0.034,0.922,5.782,1,88.01589405486025
1380000,342501,0.050000000000000044,0.002642495557665825,0.948,0.04,0.908,5.39,1,88.01952388488039
1390000,345001,0.050000000000000044,0.004583093803375959,0.95,0.03,0.92,6.688,1,88.04458248171855
1400000,347501,0.050000000000000044,0.005473503842949867,0.948,0.032,0.916,6.832,1,88.0504611421663
1410000,350001,0.050000000000000044,0.0029643154703080654,0.964,0.024,0.94,5.462,1,88.05477795740374
1420000,352501,0.050000000000000044,0.004572728183120489,0.94,0.042,0.898,7.248,1,88.07653630245291
1430000,355001,0.050000000000000044,0.004102760460227728,0.956,0.032,0.924,6.258,1,88.09036675463176
1440000,357501,0.050000000000000044,0.005201989784836769,0.934,0.05,0.884,6.282,1,88.10465307866495
1450000,360001,0.050000000000000044,0.005461235996335745,0.926,0.056,0.87,6.644,1,88.10664233420441
1460000,362501,0.050000000000000044,0.002448828425258398,0.954,0.034,0.92,5.908,1,88.12014842454177
1470000,365001,0.050000000000000044,0.011427302844822407,0.958,0.022,0.936,6.334,1,88.12499114578603
1480000,367501,0.050000000000000044,0.002423448022454977,0.958,0.032,0.926,6.176,1,88.14135541294921
1490000,370001,0.050000000000000044,0.012559509836137295,0.968,0.03,0.938,5.172,1,88.15188273251819
1500000,372501,0.050000000000000044,0.0030083609744906425,0.964,0.02,0.944,6.236,1,88.17226258876067
1510000,375001,0.050000000000000044,0.01495227962732315,0.942,0.044,0.898,6.508,1,88.19447606707742
1520000,377501,0.050000000000000044,0.004553135484457016,0.956,0.042,0.914,5.646,1,88.19361050080342
1530000,380001,0.050000000000000044,0.00346922455355525,0.954,0.034,0.92,5.308,1,88.19838574576984
1540000,382501,0.050000000000000044,0.010916315950453281,0.956,0.028,0.928,6.53,1,88.2070861998358
1550000,385001,0.050000000000000044,0.01044105738401413,0.95,0.036,0.914,5.622,1,88.19815372609649
1560000,387501,0.050000000000000044,0.00189548812340945,0.962,0.032,0.93,5.968,1,88.20575465891477
1570000,390001,0.050000000000000044,0.0040274206548929214,0.956,0.038,0.918,6.006,1,88.2139846214667
1580000,392501,0.050000000000000044,0.002025183755904436,0.964,0.028,0.936,5.218,1,88.22107131923487
1590000,395001,0.050000000000000044,0.019523119553923607,0.944,0.044,0.9,6.258,1,88.23084923636523
1600000,397501,0.050000000000000044,0.002092513255774975,0.966,0.016,0.95,5.454,1,88.23235312283381
1610000,400001,0.050000000000000044,0.003025781363248825,0.956,0.03,0.926,6.302,1,88.24913516998555
1620000,402501,0.050000000000000044,0.013107966631650925,0.966,0.028,0.938,5.662,1,88.25015574897299
1630000,405001,0.050000000000000044,0.0026575408410280943,0.958,0.032,0.926,5.748,1,88.26379762028081
1640000,407501,0.050000000000000044,0.003394514322280884,0.954,0.022,0.932,6.976,1,88.28075984991852
1650000,410001,0.050000000000000044,0.003084266558289528,0.96,0.03,0.93,5.67,1,88.28246921971386
1660000,412501,0.050000000000000044,0.004179288633167744,0.948,0.038,0.91,5.624,1,88.30655121970184
1670000,415001,0.050000000000000044,0.0018998890882357955,0.936,0.052,0.884,5.768,1,88.30592488453254
1680000,417501,0.050000000000000044,0.004079901613295078,0.966,0.024,0.942,5.532,1,88.30512189180207
1690000,420001,0.050000000000000044,0.0238087996840477,0.958,0.026,0.932,6.082,1,88.2782411492391
1700000,422501,0.050000000000000044,0.01282065361738205,0.954,0.034,0.92,6.004,1,88.2583016006327
1710000,425001,0.050000000000000044,0.0020317500457167625,0.966,0.024,0.942,5.068,1,88.26076405412488
1720000,427501,0.050000000000000044,0.0018792935879901052,0.96,0.03,0.93,5.866,1,88.2549728090096
1730000,430001,0.050000000000000044,0.005335664376616478,0.98,0.02,0.96,4.59,1,88.22897374228869
1740000,432501,0.050000000000000044,0.0025570718571543694,0.968,0.022,0.946,4.84,1,88.20393269537506
1750000,435001,0.050000000000000044,0.0021761558018624783,0.966,0.026,0.94,5.842,1,88.1596859299985
1760000,437501,0.050000000000000044,0.00204934598878026,0.962,0.026,0.936,6.054,1,88.1375168019106
1770000,440001,0.050000000000000044,0.003981603309512138,0.972,0.012,0.96,6.224,1,88.1036665371395
1780000,442501,0.050000000000000044,0.0027338298968970776,0.97,0.028,0.942,5.042,1,88.07489713920191
1790000,445001,0.050000000000000044,0.0017157192341983318,0.966,0.02,0.946,6.832,1,88.039459441536
1800000,447501,0.050000000000000044,0.002066429005935788,0.952,0.038,0.914,4.718,1,88.0172390206367
1810000,450001,0.050000000000000044,0.0027542640455067158,0.958,0.032,0.926,5.558,1,87.97757766833692
1820000,452501,0.050000000000000044,0.012041252106428146,0.952,0.04,0.912,5.324,1,87.96695481421916
1830000,455001,0.050000000000000044,0.01227759663015604,0.962,0.024,0.938,5.382,1,87.9695435238115
1840000,457501,0.050000000000000044,0.0024099675938487053,0.956,0.034,0.922,5.644,1,87.97923678685947
1850000,460001,0.050000000000000044,0.004901169799268246,0.956,0.028,0.928,6.58,1,87.9856738112338
1860000,462501,0.050000000000000044,0.013014068827033043,0.98,0.016,0.964,5.342,1,87.9962428087205
1870000,465001,0.050000000000000044,0.0067824386060237885,0.968,0.024,0.944,4.632,1,88.0111915795964
1880000,467501,0.050000000000000044,0.013732737861573696,0.966,0.018,0.948,6.036,1,88.0142443015152
1890000,470001,0.050000000000000044,0.002250639023259282,0.968,0.024,0.944,5.77,1,88.02591441703204
1900000,472501,0.050000000000000044,0.002002160996198654,0.972,0.02,0.952,5.092,1,88.03533549356618
1910000,475001,0.050000000000000044,0.01242117304354906,0.954,0.042,0.912,5.386,1,88.04318909935301
1920000,477501,0.050000000000000044,0.0034912745468318462,0.948,0.038,0.91,5.62,1,88.0556474016157
1930000,480001,0.050000000000000044,0.013805827125906944,0.95,0.04,0.91,5.452,1,88.05517548675448
1940000,482501,0.050000000000000044,0.006494032684713602,0.958,0.028,0.93,6.34,1,88.06471166953774
1950000,485001,0.050000000000000044,0.002519478090107441,0.96,0.034,0.926,5.164,1,88.07091322985082
1960000,487501,0.050000000000000044,0.003450663760304451,0.966,0.028,0.938,5.434,1,88.0776876217566
1970000,490001,0.050000000000000044,0.002214010339230299,0.966,0.03,0.936,5.33,1,88.0866767104344
1980000,492501,0.050000000000000044,0.005458348896354437,0.942,0.042,0.9,5.664,1,88.09961231183318
1990000,495001,0.050000000000000044,0.005580825265496969,0.974,0.02,0.954,5.42,1,88.11149058871831
2000000,497501,0.050000000000000044,0.004135770723223686,0.962,0.03,0.932,5.216,1,88.11768790470688
2010000,500001,0.050000000000000044,0.013370677828788757,0.966,0.022,0.944,5.278,1,88.117096110148
2020000,502501,0.050000000000000044,0.0019248112803325057,0.966,0.032,0.934,4.714,1,88.12702689362446
2030000,505001,0.050000000000000044,0.0037485393695533276,0.968,0.026,0.942,5.608,1,88.13570839886893
2040000,507501,0.050000000000000044,0.004408359061926603,0.958,0.034,0.924,4.79,1,88.13156389048048
2050000,510001,0.050000000000000044,0.0021742740646004677,0.974,0.02,0.954,5.11,1,88.1298648879886
2060000,512501,0.050000000000000044,0.0017672169487923384,0.974,0.02,0.954,4.836,1,88.1407889794543
2070000,515001,0.050000000000000044,0.0024889109190553427,0.97,0.024,0.946,5.35,1,88.14909567713299
2080000,517501,0.050000000000000044,0.01251305267214775,0.964,0.032,0.932,4.904,1,88.15080642861625
2090000,520001,0.050000000000000044,0.002486494369804859,0.956,0.034,0.922,5.846,1,88.15577123960328
2100000,522501,0.050000000000000044,0.001537868520244956,0.96,0.034,0.926,5.476,1,88.15436058292474
2110000,525001,0.050000000000000044,0.0023413188755512238,0.968,0.02,0.948,5.002,1,88.15168583722058
2120000,527501,0.050000000000000044,0.0017165369354188442,0.962,0.034,0.928,4.546,1,88.15575169568102
2130000,530001,0.050000000000000044,0.005748406983911991,0.986,0.008,0.978,4.518,1,88.15316679963284
2140000,532501,0.050000000000000044,0.0024299726355820894,0.962,0.036,0.926,4.47,1,88.16069012990552
2150000,535001,0.050000000000000044,0.0040247756987810135,0.974,0.02,0.954,5.518,1,88.16536594688803
2160000,537501,0.050000000000000044,0.011660815216600895,0.972,0.024,0.948,4.83,1,88.1628133587092
2170000,540001,0.050000000000000044,0.002090378664433956,0.962,0.032,0.93,4.688,1,88.17299400383648
2180000,542501,0.050000000000000044,0.010402348823845387,0.96,0.032,0.928,5.386,1,88.16671217488049
2190000,545001,0.050000000000000044,0.0023357043974101543,0.958,0.03,0.928,5.65,1,88.17188904553187
2200000,547501,0.050000000000000044,0.011938735842704773,0.956,0.032,0.924,5.292,1,88.17649748546738
2210000,550001,0.050000000000000044,0.0016480322228744626,0.952,0.03,0.922,5.814,1,88.1777539718123
2220000,552501,0.050000000000000044,0.0030108122155070305,0.97,0.016,0.954,5.454,2,88.17079414024205
2230000,555001,0.050000000000000044,0.0018146841321140528,0.884,0.086,0.798,11.868,2,88.1846461749527
2240000,557501,0.050000000000000044,0.0019416343420743942,0.91,0.066,0.844,11.664,2,88.17212866134543
2250000,560001,0.050000000000000044,0.0017186056356877089,0.866,0.094,0.772,12.966,2,88.16996306049482
2260000,562501,0.050000000000000044,0.0026855848263949156,0.9,0.068,0.832,12.972,2,88.17892745611539
2270000,565001,0.050000000000000044,0.01064890343695879,0.864,0.094,0.77,13.132,2,88.18117223452568
2280000,567501,0.050000000000000044,0.0035333784762769938,0.904,0.074,0.83,11.144,2,88.18858559786965
2290000,570001,0.050000000000000044,0.0113499341532588,0.872,0.086,0.786,13.116,2,88.18643634679835
2300000,572501,0.050000000000000044,0.009279490448534489,0.866,0.084,0.782,13.336,2,88.18322302762843
2310000,575001,0.050000000000000044,0.002246153075248003,0.862,0.114,0.748,11.608,2,88.17558541766694
2320000,577501,0.050000000000000044,0.010277364403009415,0.882,0.094,0.788,12.588,2,88.18492855656602
2330000,580001,0.050000000000000044,0.0023983558639883995,0.886,0.088,0.798,12.15,2,88.18450058508523
2340000,582501,0.050000000000000044,0.0022651527542620897,0.902,0.074,0.828,11.964,2,88.19522002370087
2350000,585001,0.050000000000000044,0.0021341494284570217,0.896,0.068,0.828,12.406,2,88.20759928332485
2360000,587501,0.050000000000000044,0.012108910828828812,0.914,0.062,0.852,11.962,2,88.2164304820105
2370000,590001,0.050000000000000044,0.002052939496934414,0.892,0.074,0.818,11.836,2,88.21337621619399
2380000,592501,0.050000000000000044,0.009000386111438274,0.908,0.068,0.84,12.286,2,88.22213808936618
2390000,595001,0.050000000000000044,0.0023893562611192465,0.93,0.046,0.884,11.47,2,88.2203126779869
2400000,597501,0.050000000000000044,0.00358457094989717,0.908,0.062,0.846,11.944,2,88.22717032927028
2410000,600001,0.050000000000000044,0.010364488698542118,0.902,0.054,0.848,12.436,2,88.22093817851159
2420000,602501,0.050000000000000044,0.002134443959221244,0.898,0.07,0.828,12.914,2,88.21848431024053
2430000,605001,0.050000000000000044,0.019593600183725357,0.896,0.068,0.828,12.164,2,88.22592440397676
2440000,607501,0.050000000000000044,0.005636540241539478,0.92,0.054,0.866,11.522,2,88.22469585453551
2450000,610001,0.050000000000000044,0.003055147361010313,0.908,0.056,0.852,12.558,2,88.23058404917175
2460000,612501,0.050000000000000044,0.00240516010671854,0.91,0.07,0.84,11.166,2,88.2226857772605
2470000,615001,0.050000000000000044,0.0023735142312943935,0.912,0.052,0.86,13.0,2,88.22170019302246
2480000,617501,0.050000000000000044,0.00555072445422411,0.88,0.092,0.788,12.426,2,88.22466198479083
2490000,620001,0.050000000000000044,0.001908447127789259,0.906,0.072,0.834,10.914,2,88.22390825622496
2500000,622501,0.050000000000000044,0.005691707134246826,0.91,0.066,0.844,10.936,2,88.21977856167683
2510000,625001,0.050000000000000044,0.004328206181526184,0.894,0.064,0.83,12.298,2,88.22575860098107
2520000,627501,0.050000000000000044,0.0028162759263068438,0.902,0.06,0.842,12.462,2,88.21732006433304
2530000,630001,0.050000000000000044,0.0022093094885349274,0.892,0.084,0.808,12.436,2,88.22735043133231
2540000,632501,0.050000000000000044,0.0019699661061167717,0.918,0.06,0.858,10.944,2,88.21889389681222
2550000,635001,0.050000000000000044,0.007291754707694054,0.93,0.056,0.874,11.118,2,88.21861630719376
2560000,637501,0.050000000000000044,0.01108341570943594,0.908,0.07,0.838,11.51,2,88.21330628436144
2570000,640001,0.050000000000000044,0.0031323907896876335,0.88,0.092,0.788,12.33,2,88.22150259906691
2580000,642501,0.050000000000000044,0.0025619985535740852,0.898,0.076,0.822,11.004,2,88.21542968193809
2590000,645001,0.050000000000000044,0.006696563214063644,0.932,0.054,0.878,10.41,2,88.21341960962613
2600000,647501,0.050000000000000044,0.002125614322721958,0.908,0.074,0.834,10.816,2,88.21153560339911
2610000,650001,0.050000000000000044,0.00208242773078382,0.912,0.068,0.844,11.028,2,88.2087956051261
2620000,652501,0.050000000000000044,0.0019894421566277742,0.924,0.062,0.862,10.592,2,88.21778730076375
2630000,655001,0.050000000000000044,0.0024327312130481005,0.904,0.078,0.826,11.482,2,88.22204404272189
2640000,657501,0.050000000000000044,0.002573983743786812,0.904,0.082,0.822,10.026,2,88.22506163995223
2650000,660001,0.050000000000000044,0.01053625252097845,0.936,0.036,0.9,11.696,2,88.22032837466823
2660000,662501,0.050000000000000044,0.002382860751822591,0.918,0.064,0.854,10.588,2,88.22686084961242
2670000,665001,0.050000000000000044,0.002445288235321641,0.89,0.086,0.804,11.018,2,88.2381747998233
2680000,667501,0.050000000000000044,0.005239032208919525,0.898,0.082,0.816,10.636,2,88.240869134646
2690000,670001,0.050000000000000044,0.0038329344242811203,0.896,0.07,0.826,11.748,2,88.21199555432035
2700000,672501,0.050000000000000044,0.0016208982560783625,0.918,0.058,0.86,10.974,2,88.20270749455761
2710000,675001,0.050000000000000044,0.010193872265517712,0.916,0.058,0.858,10.958,2,88.1714874731421
2720000,677501,0.050000000000000044,0.0026941727846860886,0.884,0.082,0.802,11.718,2,88.17467921977313
2730000,680001,0.050000000000000044,0.002524153795093298,0.906,0.064,0.842,12.448,2,88.16383253372553
2740000,682501,0.050000000000000044,0.002421400509774685,0.92,0.056,0.864,10.674,2,88.13777281180073
2750000,685001,0.050000000000000044,0.0017297053709626198,0.918,0.062,0.856,11.578,2,88.14738453796004
2760000,687501,0.050000000000000044,0.0025580674409866333,0.886,0.086,0.8,11.038,2,88.15500088907217
2770000,690001,0.050000000000000044,0.0023394355084747076,0.9,0.068,0.832,12.036,2,88.15380944018654
2780000,692501,0.050000000000000044,0.0026756173465400934,0.912,0.056,0.856,11.494,2,88.15150981048421
2790000,695001,0.050000000000000044,0.004163926001638174,0.912,0.068,0.844,11.232,2,88.15268212328259
2800000,697501,0.050000000000000044,0.0027314997278153896,0.934,0.048,0.886,11.04,2,88.15226685737936
2810000,700001,0.050000000000000044,0.0022714827209711075,0.922,0.058,0.864,11.304,2,88.15877841461375
2820000,702501,0.050000000000000044,0.0024789138697087765,0.92,0.06,0.86,11.13,2,88.16569754332436
2830000,705001,0.050000000000000044,0.002157900482416153,0.906,0.082,0.824,10.636,2,88.15870839292194
2840000,707501,0.050000000000000044,0.021226275712251663,0.902,0.074,0.828,11.226,2,88.15835552897299
2850000,710001,0.050000000000000044,0.010781547985970974,0.938,0.048,0.89,10.476,2,88.1617313627677
2860000,712501,0.050000000000000044,0.002488788217306137,0.888,0.084,0.804,11.698,2,88.16552369225975
2870000,715001,0.050000000000000044,0.004413996823132038,0.912,0.078,0.834,10.682,2,88.16860395937559
2880000,717501,0.050000000000000044,0.0031302727293223143,0.914,0.062,0.852,11.382,2,88.17555444779435
2890000,720001,0.050000000000000044,0.002925208769738674,0.926,0.046,0.88,11.45,2,88.17206299519758
2900000,722501,0.050000000000000044,0.012242350727319717,0.9,0.074,0.826,11.796,2,88.17660831352475
2910000,725001,0.050000000000000044,0.0022707143798470497,0.932,0.046,0.886,10.95,2,88.17195625093193
2920000,727501,0.050000000000000044,0.002567846328020096,0.906,0.062,0.844,11.654,2,88.16635048823534
2930000,730001,0.050000000000000044,0.004298737738281488,0.928,0.046,0.882,11.138,2,88.17160510559161
2940000,732501,0.050000000000000044,0.0015210653655231,0.896,0.086,0.81,10.832,2,88.17763494541396
2950000,735001,0.050000000000000044,0.0017824711976572871,0.912,0.058,0.854,10.736,2,88.17718663619976
2960000,737501,0.050000000000000044,0.002274514641612768,0.91,0.068,0.842,10.804,2,88.17110828302732
2970000,740001,0.050000000000000044,0.001843191683292389,0.912,0.07,0.842,9.83,2,88.17605785928532
2980000,742501,0.050000000000000044,0.0024368218146264553,0.92,0.062,0.858,10.678,2,88.17106351684112
2990000,745001,0.050000000000000044,0.0024479571729898453,0.928,0.062,0.866,9.966,2,88.17069192304405
3000000,747501,0.050000000000000044,0.008778336457908154,0.888,0.08,0.808,11.462,2,88.16519200299666
3010000,750001,0.050000000000000044,0.0017879465594887733,0.93,0.056,0.874,10.15,2,88.16096530252769
3020000,752501,0.050000000000000044,0.003136692102998495,0.92,0.058,0.862,10.792,2,88.1678141183092
3030000,755001,0.050000000000000044,0.005025198683142662,0.906,0.078,0.828,10.16,2,88.16459275406032
3040000,757501,0.050000000000000044,0.01113602239638567,0.902,0.074,0.828,10.528,2,88.1648994219344
3050000,760001,0.050000000000000044,0.011214939877390862,0.906,0.072,0.834,10.686,2,88.16259363499299
3060000,762501,0.050000000000000044,0.0014656370040029287,0.926,0.054,0.872,10.66,2,88.15938664531328
3070000,765001,0.050000000000000044,0.0030295844189822674,0.908,0.07,0.838,10.854,2,88.1623291003439
3080000,767501,0.050000000000000044,0.0022504343651235104,0.896,0.08,0.816,10.97,2,88.15791941867552
3090000,770001,0.050000000000000044,0.0031183927785605192,0.944,0.046,0.898,10.77,2,88.15933251641052
3100000,772501,0.050000000000000044,0.01321567315608263,0.914,0.056,0.858,10.898,2,88.16068534988173
3110000,775001,0.050000000000000044,0.002816596534103155,0.906,0.074,0.832,9.882,2,88.15868614903215
3120000,777501,0.050000000000000044,0.0020715822465717793,0.92,0.064,0.856,10.108,2,88.16105192224677
3130000,780001,0.050000000000000044,0.003094152081757784,0.926,0.066,0.86,9.61,2,88.16646296990716
3140000,782501,0.050000000000000044,0.002132680034264922,0.894,0.076,0.818,11.374,2,88.16235992399159
3150000,785001,0.050000000000000044,0.0020353789441287518,0.896,0.086,0.81,10.944,2,88.16440090768181
3160000,787501,0.050000000000000044,0.0057905674912035465,0.918,0.062,0.856,10.814,2,88.16143860761004
3170000,790001,0.050000000000000044,0.01154281385242939,0.906,0.072,0.834,10.392,2,88.15930011787754
3180000,792501,0.050000000000000044,0.0019488006364554167,0.93,0.056,0.874,10.012,2,88.1639487538525
3190000,795001,0.050000000000000044,0.004524988122284412,0.912,0.064,0.848,10.62,2,88.16776477568662
3200000,797501,0.050000000000000044,0.0024202268105000257,0.914,0.07,0.844,10.152,2,88.16792671863755
3210000,800001,0.050000000000000044,0.011239167302846909,0.928,0.048,0.88,10.97,2,88.16962242785758
3220000,802501,0.050000000000000044,0.0017410474829375744,0.93,0.052,0.878,10.7,2,88.16583694865432
3230000,805001,0.050000000000000044,0.011167994700372219,0.9,0.08,0.82,11.016,2,88.15930526517377
3240000,807501,0.050000000000000044,0.0019333732780069113,0.918,0.064,0.854,11.09,2,88.1570331309157
3250000,810001,0.050000000000000044,0.0019003727938979864,0.9,0.074,0.826,10.79,2,88.16031478463835
3260000,812501,0.050000000000000044,0.005464596673846245,0.898,0.078,0.82,9.966,2,88.1569145352402
3270000,815001,0.050000000000000044,0.003192715346813202,0.898,0.084,0.814,9.938,2,88.16208190387438
3280000,817501,0.050000000000000044,0.003004776081070304,0.91,0.068,0.842,10.862,2,88.15391458115435
3290000,820001,0.050000000000000044,0.0018253205344080925,0.928,0.056,0.872,10.42,2,88.13021894465366
3300000,822501,0.050000000000000044,0.0018575482536107302,0.92,0.06,0.86,11.188,2,88.12756870498852
3310000,825001,0.050000000000000044,0.0021493141539394855,0.908,0.072,0.836,10.83,2,88.13353422079204
3320000,827501,0.050000000000000044,0.021100563928484917,0.924,0.05,0.874,10.698,2,88.13599593749375
3330000,830001,0.050000000000000044,0.0022272225469350815,0.926,0.056,0.87,10.236,2,88.13320311917167
3340000,832501,0.050000000000000044,0.002346944296732545,0.928,0.052,0.876,10.456,2,88.13115290020176
3350000,835001,0.050000000000000044,0.002672633621841669,0.916,0.07,0.846,10.24,2,88.12354140238405
3360000,837501,0.050000000000000044,0.0018428780604153872,0.916,0.06,0.856,11.694,2,88.12941332569012
3370000,840001,0.050000000000000044,0.001980963395908475,0.914,0.064,0.85,10.348,2,88.12247216341804
3380000,842501,0.050000000000000044,0.004226460587233305,0.922,0.044,0.878,11.344,2,88.11910946169083
3390000,845001,0.050000000000000044,0.0022144345566630363,0.914,0.066,0.848,10.996,2,88.11444237370422
3400000,847501,0.050000000000000044,0.0023646336048841476,0.936,0.05,0.886,10.332,2,88.1206105394476
3410000,850001,0.050000000000000044,0.003038548631593585,0.924,0.06,0.864,10.976,2,88.11346114129867
3420000,852501,0.050000000000000044,0.0026237121783196926,0.918,0.066,0.852,9.716,2,88.116656169291
3430000,855001,0.050000000000000044,0.0026224134489893913,0.916,0.07,0.846,9.812,2,88.11760288921771
3440000,857501,0.050000000000000044,0.001502511091530323,0.93,0.052,0.878,10.43,2,88.1163419466525
3450000,860001,0.050000000000000044,0.005294983275234699,0.912,0.068,0.844,9.656,2,88.11777417654162
3460000,862501,0.050000000000000044,0.008272986859083176,0.928,0.05,0.878,9.72,2,88.1170061985962
3470000,865001,0.050000000000000044,0.007036415860056877,0.922,0.06,0.862,10.496,2,88.1172791994765
3480000,867501,0.050000000000000044,0.002004418522119522,0.926,0.06,0.866,10.776,2,88.12035592057242
3490000,870001,0.050000000000000044,0.014989778399467468,0.924,0.062,0.862,9.29,2,88.1220978981614
3500000,872501,0.050000000000000044,0.011264899745583534,0.918,0.058,0.86,10.168,2,88.12051174550285
3510000,875001,0.050000000000000044,0.002857219660654664,0.93,0.062,0.868,9.794,2,88.1234217495532
3520000,877501,0.050000000000000044,0.003980924375355244,0.93,0.054,0.876,10.426,2,88.11895283288078
3530000,880001,0.050000000000000044,0.002961875405162573,0.914,0.054,0.86,11.284,2,88.12484042028031
3540000,882501,0.050000000000000044,0.012680385261774063,0.93,0.056,0.874,10.148,2,88.11840808471935
3550000,885001,0.050000000000000044,0.010568482801318169,0.934,0.048,0.886,10.244,2,88.11397633430585
3560000,887501,0.050000000000000044,0.012232465669512749,0.918,0.07,0.848,10.444,2,88.11529726658891
3570000,890001,0.050000000000000044,0.001637947978451848,0.92,0.062,0.858,11.078,2,88.11553857889973
3580000,892501,0.050000000000000044,0.0023691654205322266,0.914,0.062,0.852,10.998,2,88.10990970866403
3590000,895001,0.050000000000000044,0.004541956353932619,0.918,0.058,0.86,10.146,2,88.11647494332074
3600000,897501,0.050000000000000044,0.0022407977376133204,0.924,0.068,0.856,9.954,2,88.1117194502491
3610000,900001,0.050000000000000044,0.009726010262966156,0.94,0.054,0.886,8.464,2,88.11576277700608
3620000,902501,0.050000000000000044,0.0021270045544952154,0.912,0.068,0.844,10.382,2,88.11925935751515
3630000,905001,0.050000000000000044,0.0014655428240075707,0.922,0.07,0.852,9.45,2,88.11778514727239
3640000,907501,0.050000000000000044,0.009639780968427658,0.932,0.058,0.874,9.398,2,88.1176984659866
3650000,910001,0.050000000000000044,0.003202210646122694,0.934,0.056,0.878,10.052,2,88.11813003574105
3660000,912501,0.050000000000000044,0.0037881305906921625,0.912,0.062,0.85,11.092,2,88.12705898194343
3670000,915001,0.050000000000000044,0.002788941143080592,0.924,0.06,0.864,9.848,2,88.1231618379706
3680000,917501,0.050000000000000044,0.001862953184172511,0.928,0.056,0.872,9.984,2,88.12632702273677
3690000,920001,0.050000000000000044,0.01190305408090353,0.922,0.062,0.86,9.93,2,88.1309017677757
3700000,922501,0.050000000000000044,0.0016574915498495102,0.94,0.048,0.892,10.202,2,88.12760605419625
3710000,925001,0.050000000000000044,0.002029889030382037,0.918,0.068,0.85,9.372,2,88.1246109936012
3720000,927501,0.050000000000000044,0.012598621658980846,0.946,0.042,0.904,9.328,2,88.12820418571286
3730000,930001,0.050000000000000044,0.0017229424556717277,0.93,0.058,0.872,10.012,2,88.12373154335629
3740000,932501,0.050000000000000044,0.002906604204326868,0.928,0.056,0.872,10.302,2,88.12797166109483
3750000,935001,0.050000000000000044,0.0027006149757653475,0.924,0.06,0.864,8.798,2,88.12899482902172
3760000,937501,0.050000000000000044,0.00204489566385746,0.924,0.066,0.858,9.334,2,88.13024570762157
3770000,940001,0.050000000000000044,0.011723702773451805,0.93,0.056,0.874,9.84,2,88.13433136984898
3780000,942501,0.050000000000000044,0.0014725851360708475,0.93,0.05,0.88,10.304,2,88.12690674388408
3790000,945001,0.050000000000000044,0.0019894856959581375,0.928,0.06,0.868,9.644,2,88.12184681453502
3800000,947501,0.050000000000000044,0.00240464904345572,0.922,0.058,0.864,9.832,2,88.1257920860043
3810000,950001,0.050000000000000044,0.0021070269867777824,0.926,0.056,0.87,10.1,2,88.12378840379623
3820000,952501,0.050000000000000044,0.0017074764473363757,0.936,0.044,0.892,10.866,2,88.1260304308098
3830000,955001,0.050000000000000044,0.011372380889952183,0.934,0.058,0.876,9.914,2,88.12588416577505
3840000,957501,0.050000000000000044,0.0020729051902890205,0.912,0.064,0.848,10.212,2,88.12288034966181
3850000,960001,0.050000000000000044,0.0022422748152166605,0.94,0.038,0.902,9.772,2,88.12399998936955
3860000,962501,0.050000000000000044,0.013455868698656559,0.942,0.042,0.9,9.708,2,88.12811303793578
3870000,965001,0.050000000000000044,0.002011724514886737,0.934,0.056,0.878,9.674,2,88.12617780102411
3880000,967501,0.050000000000000044,0.0021334311459213495,0.914,0.068,0.846,10.148,2,88.12986892110392
3890000,970001,0.050000000000000044,0.005364537704735994,0.922,0.058,0.864,9.31,2,88.13735873376773
3900000,972501,0.050000000000000044,0.001909574493765831,0.91,0.076,0.834,8.63,2,88.11961169922556
3910000,975001,0.050000000000000044,0.0025370479561388493,0.95,0.038,0.912,9.168,2,88.11670218745562
3920000,977501,0.050000000000000044,0.0022985665127635,0.94,0.048,0.892,9.378,2,88.11963370153103
3930000,980001,0.050000000000000044,0.0017038665246218443,0.936,0.044,0.892,10.704,2,88.12175056177144
3940000,982501,0.050000000000000044,0.0023817243054509163,0.928,0.054,0.874,10.412,2,88.12074484602586
3950000,985001,0.050000000000000044,0.0021271412260830402,0.928,0.054,0.874,9.922,2,88.12041900587366
3960000,987501,0.050000000000000044,0.0021571246907114983,0.922,0.06,0.862,9.342,2,88.12288807814645
3970000,990001,0.050000000000000044,0.0025460608303546906,0.946,0.046,0.9,9.032,2,88.11958005471055
3980000,992501,0.050000000000000044,0.013034453615546227,0.936,0.048,0.888,9.42,2,88.12542064731927
3990000,995001,0.050000000000000044,0.010466843843460083,0.942,0.048,0.894,8.902,2,88.12768961119986
4000000,997501,0.050000000000000044,0.0021095103584229946,0.926,0.06,0.866,9.89,2,88.12907331421668
4010000,1000001,0.050000000000000044,0.0019197639776393771,0.94,0.044,0.896,9.41,2,88.13311717090481
4020000,1002501,0.050000000000000044,0.0042387573048472404,0.932,0.048,0.884,10.444,2,88.1384613599656
4030000,1005001,0.050000000000000044,0.0016223338898271322,0.922,0.054,0.868,10.76,2,88.1404902316987
4040000,1007501,0.050000000000000044,0.011685183271765709,0.91,0.076,0.834,10.744,2,88.13897463347104
4050000,1010001,0.050000000000000044,0.0025749164633452892,0.926,0.048,0.878,11.154,2,88.1347817916013
4060000,1012501,0.050000000000000044,0.0018291648011654615,0.938,0.048,0.89,9.438,2,88.13949916056734
4070000,1015001,0.050000000000000044,0.0019612249452620745,0.934,0.056,0.878,10.02,2,88.1472559484662
4080000,1017501,0.050000000000000044,0.0023601893335580826,0.94,0.048,0.892,9.506,2,88.14678914807129
4090000,1020001,0.050000000000000044,0.0019514509476721287,0.932,0.05,0.882,9.454,2,88.14490492158785
4100000,1022501,0.050000000000000044,0.002682532649487257,0.938,0.05,0.888,9.184,2,88.14016111589861
4110000,1025001,0.050000000000000044,0.0020846312399953604,0.932,0.056,0.876,9.66,2,88.13636243606001
4120000,1027501,0.050000000000000044,0.0018583362689241767,0.924,0.058,0.866,10.022,2,88.13370189573223
4130000,1030001,0.050000000000000044,0.0030147056095302105,0.922,0.066,0.856,8.698,2,88.1324208738672
4140000,1032501,0.050000000000000044,0.004566771909594536,0.91,0.07,0.84,9.93,2,88.12678614246455
4150000,1035001,0.050000000000000044,0.003061137394979596,0.938,0.044,0.894,8.794,2,88.12973822691576
4160000,1037501,0.050000000000000044,0.0014780305791646242,0.93,0.046,0.884,10.284,2,88.1320830885728
4170000,1040001,0.050000000000000044,0.003104297211393714,0.934,0.05,0.884,9.12,2,88.12743856787893
4180000,1042501,0.050000000000000044,0.002027528127655387,0.938,0.054,0.884,9.27,2,88.12190892792538
4190000,1045001,0.050000000000000044,0.0018099910812452435,0.934,0.05,0.884,9.924,2,88.1253584377431
4200000,1047501,0.050000000000000044,0.0017530783079564571,0.956,0.032,0.924,8.782,3,88.1160273353068
4210000,1050001,0.050000000000000044,0.0029721998143941164,0.854,0.11,0.744,14.014,3,88.10365195882719
4220000,1052501,0.050000000000000044,0.0026909364387392998,0.866,0.106,0.76,13.64,3,88.04057221011318
4230000,1055001,0.050000000000000044,0.0016896843444555998,0.88,0.104,0.776,13.028,3,87.9636910497236
4240000,1057501,0.050000000000000044,0.007286972366273403,0.848,0.122,0.726,14.776,3,87.88869289102152
4250000,1060001,0.050000000000000044,0.0014664127957075834,0.866,0.1,0.766,13.692,3,87.80840977800099
4260000,1062501,0.050000000000000044,0.00930107943713665,0.852,0.114,0.738,14.182,3,87.72974852995476
4270000,1065001,0.050000000000000044,0.004759617615491152,0.866,0.11,0.756,13.966,3,87.65986797124923
4280000,1067501,0.050000000000000044,0.0017891314346343279,0.858,0.11,0.748,14.192,3,87.6382733924662
4290000,1070001,0.050000000000000044,0.0019883473869413137,0.84,0.14,0.7,14.066,3,87.62507678860186
4300000,1072501,0.050000000000000044,0.003912538755685091,0.868,0.11,0.758,14.184,3,87.61481507580432
4310000,1075001,0.050000000000000044,0.011655942536890507,0.864,0.114,0.75,13.376,3,87.60846005393363
4320000,1077501,0.050000000000000044,0.009469623677432537,0.864,0.114,0.75,14.21,3,87.5996980090331
4330000,1080001,0.050000000000000044,0.001443828223273158,0.864,0.108,0.756,14.63,3,87.58748742894514
4340000,1082501,0.050000000000000044,0.01098557934165001,0.848,0.122,0.726,14.926,3,87.57710353740838
4350000,1085001,0.050000000000000044,0.003572244895622134,0.86,0.104,0.756,15.006,3,87.5709111814001
4360000,1087501,0.050000000000000044,0.0022311832290142775,0.856,0.118,0.738,14.536,3,87.56563466898997
4370000,1090001,0.050000000000000044,0.011199168860912323,0.858,0.11,0.748,15.726,3,87.5581956340205
4380000,1092501,0.050000000000000044,0.004259337671101093,0.88,0.1,0.78,13.84,3,87.54774135506099
4390000,1095001,0.050000000000000044,0.0017464244738221169,0.866,0.116,0.75,14.008,3,87.53197463834849
4400000,1097501,0.050000000000000044,0.005885109305381775,0.878,0.102,0.776,14.296,3,87.51902979558984
4410000,1100001,0.050000000000000044,0.008136753924190998,0.862,0.11,0.752,15.194,3,87.50663194320751
4420000,1102501,0.050000000000000044,0.0020837895572185516,0.876,0.088,0.788,15.054,3,87.49476896842432
4430000,1105001,0.050000000000000044,0.0017384894890710711,0.874,0.09,0.784,15.586,3,87.49018176894776
4440000,1107501,0.050000000000000044,0.003683997318148613,0.866,0.106,0.76,15.168,3,87.48095299304686
4450000,1110001,0.050000000000000044,0.009096529334783554,0.846,0.13,0.716,15.206,3,87.46630413864172
4460000,1112501,0.050000000000000044,0.0034604829270392656,0.866,0.1,0.766,15.272,3,87.4607052997714
4470000,1115001,0.050000000000000044,0.0018427663017064333,0.878,0.098,0.78,14.85,3,87.4524657436277
4480000,1117501,0.050000000000000044,0.0030532432720065117,0.846,0.12,0.726,14.554,3,87.44147618978674
4490000,1120001,0.050000000000000044,0.0021569025702774525,0.868,0.104,0.764,14.842,3,87.4360704388808
4500000,1122501,0.050000000000000044,0.002179715083912015,0.862,0.12,0.742,14.336,3,87.42881503796846
4510000,1125001,0.050000000000000044,0.003869397332891822,0.872,0.084,0.788,16.946,3,87.42175773562974
4520000,1127501,0.050000000000000044,0.008690045215189457,0.86,0.108,0.752,14.744,3,87.4085080672098
4530000,1130001,0.050000000000000044,0.003258874174207449,0.85,0.118,0.732,14.792,3,87.39970282834771
4540000,1132501,0.050000000000000044,0.0039221057668328285,0.868,0.096,0.772,15.782,3,87.38716888301637
4550000,1135001,0.050000000000000044,0.005427813623100519,0.86,0.102,0.758,16.354,3,87.37915210324282
4560000,1137501,0.050000000000000044,0.0026493766345083714,0.84,0.134,0.706,14.752,3,87.37010197458322
4570000,1140001,0.050000000000000044,0.01477778609842062,0.874,0.094,0.78,15.524,3,87.34522966166577
4580000,1142501,0.050000000000000044,0.0016994604375213385,0.874,0.102,0.772,14.16,3,87.34165826389153
4590000,1145001,0.050000000000000044,0.010783234611153603,0.836,0.13,0.706,15.668,3,87.33457179291327
4600000,1147501,0.050000000000000044,0.002102064900100231,0.856,0.114,0.742,14.556,3,87.32502665604964
4610000,1150001,0.050000000000000044,0.004258765839040279,0.842,0.138,0.704,14.274,3,87.31021319840642
4620000,1152501,0.050000000000000044,0.0018987222574651241,0.832,0.14,0.692,14.978,3,87.30783404427373
4630000,1155001,0.050000000000000044,0.0016414258861914277,0.832,0.132,0.7,14.2,3,87.29631615336154
4640000,1157501,0.050000000000000044,0.0015646908432245255,0.882,0.08,0.802,15.874,3,87.28150711604079
4650000,1160001,0.050000000000000044,0.007471974939107895,0.878,0.102,0.776,14.72,3,87.27312069615087
4660000,1162501,0.050000000000000044,0.0013441861374303699,0.856,0.102,0.754,16.098,3,87.27099365240308
4670000,1165001,0.050000000000000044,0.006195823661983013,0.866,0.108,0.758,14.554,3,87.25638953429494
4680000,1167501,0.050000000000000044,0.012417211197316647,0.858,0.114,0.744,15.198,3,87.24721409652426
4690000,1170001,0.050000000000000044,0.002434477210044861,0.868,0.104,0.764,13.926,3,87.23835149618442
4700000,1172501,0.050000000000000044,0.002485518576577306,0.864,0.108,0.756,14.874,3,87.23002334489718
4710000,1175001,0.050000000000000044,0.0014883906114846468,0.852,0.114,0.738,14.796,3,87.22238046085647
4720000,1177501,0.050000000000000044,0.0025258513633161783,0.88,0.098,0.782,14.592,3,87.20682910949819
4730000,1180001,0.050000000000000044,0.0029769751708954573,0.888,0.09,0.798,15.084,3,87.20337801857687
4740000,1182501,0.050000000000000044,0.006300206761807203,0.854,0.106,0.748,15.462,3,87.19619580074283
4750000,1185001,0.050000000000000044,0.002647093962877989,0.872,0.104,0.768,14.844,3,87.18501473833372
4760000,1187501,0.050000000000000044,0.002817182568833232,0.85,0.108,0.742,15.766,3,87.17824499883646
4770000,1190001,0.050000000000000044,0.016828203573822975,0.88,0.092,0.788,14.158,3,87.17004590005656
4780000,1192501,0.050000000000000044,0.005492569878697395,0.85,0.108,0.742,16.102,3,87.15643300163674
4790000,1195001,0.050000000000000044,0.0035096630454063416,0.884,0.08,0.804,15.822,3,87.14901151398003
4800000,1197501,0.050000000000000044,0.0018752042669802904,0.888,0.078,0.81,15.272,3,87.14124647644182
4810000,1200001,0.050000000000000044,0.002065738197416067,0.86,0.116,0.744,14.152,3,87.13217836623205
4820000,1202501,0.050000000000000044,0.001487411675043404,0.874,0.096,0.778,15.338,3,87.11824200967968
4830000,1205001,0.050000000000000044,0.001842475263401866,0.854,0.104,0.75,16.53,3,87.10698815858909
4840000,1207501,0.050000000000000044,0.0022518825717270374,0.878,0.092,0.786,15.106,3,87.08900584492693
4850000,1210001,0.050000000000000044,0.0023910310119390488,0.884,0.094,0.79,14.82,3,87.08215432048284
4860000,1212501,0.050000000000000044,0.010684256441891193,0.848,0.124,0.724,14.896,3,87.07116457300576
4870000,1215001,0.050000000000000044,0.002223034156486392,0.888,0.094,0.794,13.09,3,87.06438648238876
4880000,1217501,0.050000000000000044,0.0018415858503431082,0.89,0.076,0.814,15.976,3,87.0603275365151
4890000,1220001,0.050000000000000044,0.0020656532142311335,0.864,0.112,0.752,14.248,3,87.05004792168364
4900000,1222501,0.050000000000000044,0.004267197567969561,0.87,0.104,0.766,14.508,3,87.04578086614089
4910000,1225001,0.050000000000000044,0.002420365344733,0.906,0.074,0.832,13.834,3,87.03340449165839
4920000,1227501,0.050000000000000044,0.021242275834083557,0.876,0.088,0.788,15.672,3,87.02764860805794
4930000,1230001,0.050000000000000044,0.0021445159800350666,0.856,0.11,0.746,15.132,3,87.02142407138847
4940000,1232501,0.050000000000000044,0.0031472044065594673,0.87,0.116,0.754,13.534,3,87.0117369889473
4950000,1235001,0.050000000000000044,0.010649038478732109,0.872,0.106,0.766,14.476,3,87.00530718747633
4960000,1237501,0.050000000000000044,0.0043077049776911736,0.858,0.108,0.75,14.514,3,86.9965123652859
4970000,1240001,0.050000000000000044,0.0020469953306019306,0.854,0.126,0.728,14.502,3,86.98836159610683
4980000,1242501,0.050000000000000044,0.010156435891985893,0.866,0.098,0.768,15.424,3,86.97936215620143
4990000,1245001,0.050000000000000044,0.002083666156977415,0.89,0.086,0.804,14.086,3,86.97051069059042
5000000,1247501,0.050000000000000044,0.0023254200350493193,0.882,0.102,0.78,14.012,3,86.95991690393913
